Name,Position
Aaron Jones,RB
Adam Thielen,WR
Adam Trautman,TE
Adonai Mitchell,WR
Adrian Martinez,QB
Aidan O'Connell,QB
Ainias Smith,WR
AJ Barner,TE
A.J. Brown,WR
A.J. Dillon,RB
Ajou Ajou,WR
Albert Okwuegbunam Jr.,TE
Alec Pierce,WR
Alexander Mattison,RB
Alex Bachman,WR
Allen Lazard,WR
Alvin Kamara,RB
Amon-Ra St. Brown,WR
Andre Baccellia,WR
Andrei Iosivas,WR
Andrew Beck,TE
Andy Dalton,QB
Anthony Firkser,TE
Anthony Gould,WR
Anthony Miller,WR
Anthony Richardson,QB
Antoine Green,WR
Antonio Gibson,RB
Armani Rogers,TE
Ashton Dulin,WR
A.T. Perry,WR
Audric Estime,RB
Austin Ekeler,RB
Austin Hooper,TE
Austin Reed,QB
Austin Trammell,WR
Avery Williams,RB
Bailey Zappe,QB
Baker Mayfield,QB
Baylor Cupp,TE
Ben DiNucci,QB
Ben Sims,TE
Ben Sinnott,TE
Ben Skowronek,WR
Bijan Robinson,RB
Blake Corum,RB
Blake Watson,RB
Blake Whiteheart,TE
Bo Nix,QB
Brady Russell,TE
Braelon Allen,RB
Brandin Cooks,WR
Brandon Aiyuk,WR
Brandon Allen,QB
Braxton Berrios,WR
Brayden Willis,TE
Breece Hall,RB
Brenden Bates,TE
Brenden Rice,WR
Brenton Strange,TE
Brett Rypien,QB
Brevin Jordan,TE
Brevyn Spann-Ford,TE
Brian Robinson Jr.,RB
Brian Thomas Jr.,WR
British Brooks,RB
Brock Bowers,TE
Brock Purdy,QB
Brock Wright,TE
Bryce Ford-Wheaton,WR
Brycen Tremayne,WR
Bryce Oliver,WR
Bryce Young,QB
Bub Means,WR
Bucky Irving,RB
Cade Otton,TE
Cade Stover,TE
Caleb Williams,QB
Calvin Ridley,WR
Cameron Latu,TE
Cam Grandy,TE
Carlos Washington Jr.,RB
Carter Bradley,QB
Case Keenum,QB
Casey Washington,WR
Cedrick Wilson Jr.,WR
Cedric Tillman,WR
CeeDee Lamb,WR
Charlie Jones,WR
Charlie Woerner,TE
Chase Brown,RB
Chig Okonkwo,TE
Chris Brooks,RB
Chris Collier,RB
Chris Godwin,WR
Chris Manhertz,TE
Chris Moore,WR
Chris Olave,WR
Chris Rodriguez Jr.,RB
Christian Kirk,WR
Christian McCaffrey,RB
Christian Watson,WR
Chuba Hubbard,RB
C.J. Stroud,QB
Clayton Tune,QB
Clyde Edwards-Helaire,RB
Cody Schrader,RB
Cody White,WR
Colby Parkinson,TE
Cole Burgess,WR
Cole Kmet,TE
Cole Turner,TE
Colin Granger,TE
Colson Yankoff,TE
Colton Dowell,WR
Connor Heyward,TE
Cooper Kupp,WR
Cooper Rush,QB
Cordarrelle Patterson,RB
Cornelius Johnson,WR
Courtland Sutton,WR
Craig Reynolds,RB
Curtis Samuel,WR
Dak Prescott,QB
Dallas Goedert,TE
Dallin Holker,TE
Dalton Kincaid,TE
Dalton Schultz,TE
Dameon Pierce,RB
Dan Chisena,WR
D'Andre Swift,RB
Daniel Bellinger,TE
Daniel Jones,QB
Danny Gray,WR
Dante Miller,RB
Dante Pettis,WR
Dareke Young,WR
Darius Slayton,WR
Darnell Mooney,WR
Darnell Washington,TE
Darrynton Evans,RB
Davante Adams,WR
David Bell,WR
David Martin-Robinson,TE
David Montgomery,RB
David Moore,WR
David Njoku,TE
David Sills,WR
David White Jr.,WR
Davis Allen,TE
Davis Mills,QB
Dawson Knox,TE
Dax Milne,WR
Dayton Wade,WR
DeAndre Carter,WR
DeAndre Hopkins,WR
Deebo Samuel Sr.,WR
Dee Eskridge,WR
DeeJay Dallas,RB
Demarcus Robinson,WR
DeMario Douglas,WR
Demetric Felton,RB
Dennis Houston,WR
Derek Carr,QB
Derius Davis,WR
Derrick Henry,RB
Deshaun Watson,QB
Deuce Vaughn,RB
Devaughn Vele,WR
Devin Culp,TE
Devin Duvernay,WR
Devin Leary,QB
Devin Singletary,RB
De'Von Achane,RB
DeVonta Smith,WR
Devontez Walker,WR
Dez Fitzpatrick,WR
D.J. Montgomery,WR
D.J. Moore,WR
D.J. Williams,RB
D.K. Metcalf,WR
Dominique Dafney,TE
Donald Parham Jr.,TE
Dontayvion Wicks,WR
Dorian Thompson-Robinson,QB
Drake London,WR
Drake Maye,QB
Drake Stoops,WR
Drew Sample,TE
Durham Smythe,TE
Dyami Brown,WR
Dylan Drummond,WR
Dylan Laube,RB
Easop Winston,WR
E.J. Jenkins,TE
Elijah Cooks,WR
Elijah Dotson,RB
Elijah Higgins,TE
Elijah Mitchell,RB
Emani Bailey,RB
Emanuel Wilson,RB
Emari Demercado,RB
Emory Jones,QB
Eric Gray,RB
Erick All Jr.,TE
Eric Saubert,TE
Evan Engram,TE
Evan Hull,RB
Feleipe Franks,TE
Foster Moreau,TE
Frank Gore Jr.,RB
Gabe Davis,WR
Gardner Minshew II,QB
Garrett Wilson,WR
Gary Brightwell,RB
Geno Smith,QB
George Holani,RB
George Kittle,TE
George Pickens,WR
Giovanni Ricci,TE
Grant Calcaterra,TE
Greg Dortch,WR
Greg Dulcich,TE
Harrison Bryant,TE
Hassan Haskins,RB
Hayden Rucci,TE
Hendon Hooker,QB
Hunter Henry,TE
Hunter Long,TE
Hunter Luepke,RB
Ian Thomas,TE
Ian Wheeler,RB
Ihmir Smith-Marsette,WR
Isaac Guerendo,RB
Isaiah Davis,RB
Isaiah Hodgins,WR
Isaiah Likely,TE
Isaiah Spiller,RB
Isaiah Williams,WR
Isiah Pacheco,RB
Israel Abanikanda,RB
Jabari Small,RB
Jack Plummer,QB
Jack Stoll,TE
Jack Westover,TE
Jacob Cowing,WR
Jacoby Brissett,QB
Jahan Dotson,WR
Jaheim Bell,TE
Jahmyr Gibbs,RB
Jake Bobo,WR
Jake Ferguson,TE
Jake Fromm,QB
Jake Haener,QB
Jake Tonges,TE
Jakobi Meyers,WR
Jaleel McLaughlin,RB
Jalen Brooks,WR
Jalen Coker,WR
Jalen Cropper,WR
Jalen Hurts,QB
Jalen McMillan,WR
Jalen Nailor,WR
Jalen Reagor,WR
Jalen Tolbert,WR
Jalin Hyatt,WR
Ja'Lynn Polk,WR
Jamal Agnew,WR
Jamari Thrash,WR
Ja'Marr Chase,WR
Jameis Winston,QB
James Conner,RB
James Cook,RB
James Mitchell,TE
Jameson Williams,WR
James Proche II,WR
JaQuae Jackson,WR
Jared Goff,QB
Jared Wayne,WR
Jared Wiley,TE
Jaren Hall,QB
Jaret Patterson,RB
Jarrett Stidham,QB
Jase McClellan,RB
Jason Bean,QB
Jason Brownlee,WR
Ja'Tavion Sanders,TE
Jauan Jennings,WR
Javon Baker,WR
Javonte Williams,RB
Jawhar Jordan,RB
Jaxon Smith-Njigba,WR
Jayden Daniels,QB
Jayden Reed,WR
Jaylen Johnson,WR
Jaylen Waddle,WR
Jaylen Warren,RB
Jaylen Wright,RB
Jeff Foreman,WR
Jelani Woods,TE
Jeremy McNichols,RB
Jeremy Ruckert,TE
Jermaine Burton,WR
Jerome Ford,RB
Jerry Jeudy,WR
Jeshaun Jones,WR
Jesse Matthews,WR
Jha'Quan Jackson,WR
Jimmy Garoppolo,QB
J.J. McCarthy,QB
J.J. Taylor,RB
Joe Burrow,QB
Joel Wilson,TE
Joe Milton III,QB
Joe Mixon,RB
John Bates,TE
John Jackson,WR
John Jiles,WR
John Metchie III,WR
Johnny Lumpkin,TE
Johnny Mundt,TE
Johnny Wilson,WR
John Rhys Plumlee,WR
John Ross,WR
John Stephens Jr.,TE
John Wolford,QB
Jonathan Mingo,WR
Jonathan Taylor,RB
Jonathan Ward,RB
Jonathon Brooks,RB
Jonnu Smith,TE
Jordan Addison,WR
Jordan Love,QB
Jordan Mason,RB
Jordan Matthews,TE
Jordan Mims,RB
Jordan Murray,TE
Jordan Petaia,TE
Jordan Travis,QB
Jordan Whittington,WR
Josh Allen,QB
Josh Downs,WR
Josh Jacobs,RB
Josh Oliver,TE
Josh Reynolds,WR
Joshua Cephus,WR
Joshua Dobbs,QB
Joshua Palmer,WR
Josh Whyle,TE
JuJu Smith-Schuster,WR
Julian Hicks,WR
Julian Hill,TE
Justice Hill,RB
Justin Fields,QB
Justin Herbert,QB
Justin Jefferson,WR
Justin Shorter,TE
Justin Watson,WR
Juwan Johnson,TE
Kalif Raymond,WR
Kameron Johnson,WR
Kareem Hunt,RB
KaVontae Turpin,WR
Kayshon Boutte,WR
Kazmeir Allen,RB
Keaontay Ingram,RB
Keaton Mitchell,RB
Kedon Slovis,QB
Keilan Robinson,RB
Keith Kirkwood,WR
Kelvin Harmon,WR
Kendall Milton,RB
Kendre Miller,RB
Kendrick Bourne,WR
Kene Nwangwu,RB
Kenneth Gainwell,RB
Kenneth Walker III,RB
Kenny McIntosh,RB
Kenny Pickett,QB
Kenny Yeboah,TE
Keon Coleman,WR
KhaDarel Hodge,WR
Khalil Herbert,RB
Khalil Shakir,WR
Kimani Vidal,RB
Kirk Cousins,QB
KJ Hamler,WR
K.J. Osborn,WR
Ko Kieft,TE
Kristian Wilkerson,WR
Kyle Allen,QB
Kylen Granson,TE
Kyle Philips,WR
Kyle Pitts,TE
Kyler Murray,QB
Kyren Williams,RB
Ladd McConkey,WR
Lamar Jackson,QB
Lance McCutcheon,WR
Laquon Treadwell,WR
Laviska Shenault Jr.,WR
Lawrence Cager,TE
Lew Nichols,RB
Lideatrick Griffin,WR
Lil'Jordan Humphrey,WR
Louis Rees-Zammit,RB
Lucky Jackson,WR
Luke Farrell,TE
Luke McCaffrey,WR
Luke Musgrave,TE
Luke Schoonmaker,TE
Mac Jones,QB
Mack Hollins,WR
Malachi Corley,WR
Malik Cunningham,WR
Malik Davis,RB
Malik Heath,WR
Malik Nabers,WR
Malik Washington,WR
Malik Willis,QB
Marcus Mariota,QB
Marcus Riley,WR
Mark Andrews,TE
Marquez Callaway,WR
Marquez Valdes-Scantling,WR
Marquise Brown,WR
MarShawn Lloyd,RB
Marvin Harrison Jr.,WR
Marvin Mims Jr.,WR
Mason Kinsey,WR
Mason Pline,TE
Mason Rudolph,QB
Mason Tipton,WR
Matthew Stafford,QB
Maurice Alexander,WR
McCallan Castles,TE
Mecole Hardman,WR
Messiah Swinson,TE
Michael Bandy,WR
Michael Carter,RB
Michael Gallup,WR
Michael Mayer,TE
Michael Penix Jr.,QB
